<?xml version="1.0" encoding="UTF-8"?>

<configuration>

  <appender name="STDOUT" class="ch.qos.logback.core.ConsoleAppender">
    <!-- encoders are assigned the type
         ch.qos.logback.classic.encoder.PatternLayoutEncoder by default -->
    <encoder>
      <pattern>%d{HH:mm:ss.SSS} [%thread] %-5level %logger{5} - %msg%n</pattern>
    </encoder>
  </appender>
  
  <appender name="FILE-AUDIT"
		class="ch.qos.logback.core.rolling.RollingFileAppender">
		<!-- DIMTS Production -->
		<!-- <file>/Storage/carpoollog/carpool.log</file> -->
		
		<!-- InnovationM Staging -->
		<!-- <file>/mnt/gail_staging/gail_log/gail.log</file> -->
		<file>D:/tmp/gail.log</file>
		<encoder class="ch.qos.logback.classic.encoder.PatternLayoutEncoder">
			<Pattern>
				%d{yyyy-MM-dd HH:mm:ss} [%thread] %-5level %logger{5} - %msg%n
			</Pattern>
		</encoder>

		<rollingPolicy class="ch.qos.logback.core.rolling.TimeBasedRollingPolicy">
			<!-- rollover daily -->
			
			<!-- DIMTS Production -->
			<!-- <fileNamePattern>/Storage/carpoollog/carpool-archived.%d{yyyy-MM-dd}.%i.log </fileNamePattern> -->
			
			<!-- InnovationM Staging -->
			<fileNamePattern>/mnt/gail_staging/gail_log/gail-archived.%d{yyyy-MM-dd}.%i.log </fileNamePattern>
			
			<timeBasedFileNamingAndTriggeringPolicy
				class="ch.qos.logback.core.rolling.SizeAndTimeBasedFNATP">
				<maxFileSize>10MB</maxFileSize>
			</timeBasedFileNamingAndTriggeringPolicy>
		</rollingPolicy>

	</appender>
    
  <logger name="com.gail" level="INFO" additivity="false">
   <appender-ref ref="FILE-AUDIT" />
  </logger>
  
  <logger name="org.hibernate" level="INFO" additivity="false">
   <appender-ref ref="FILE-AUDIT" />
  </logger>

  <!-- Strictly speaking, the level attribute is not necessary since -->
  <!-- the level of the root level is set to DEBUG by default.       -->
  <root level="debug">          
    <appender-ref ref="STDOUT" />
    <appender-ref ref="FILE-AUDIT" />
  </root>  
  
</configuration>